id,name,gender,country,age,activity,podcast_name,podcast_resume,image,relations
0,Alexander Hill,male,Spain,65,Scientist,Cause bill scientist,Opportunity all behavior discussion. Ago current practice nation determine operation speak according. Recently future choice whatever.,https://randomuser.me/api/portraits/men/32.jpg,"6,106,39,323"
1,Matthew Mejia,male,Mexico,65,Engineer,Talk term,Law street class great prove. Participant commercial rock clear. Establish understand read detail food shoulder.,https://randomuser.me/api/portraits/men/87.jpg,"243,338,234,11,241"
2,Justin Baker,male,Japan,45,Professor,Investment on gun young catch,Sense technology check civil. Others his other life edge network. Quite boy those.,https://randomuser.me/api/portraits/men/4.jpg,"105,186,16,0,212,62,104,197"
3,Christopher Ashley,male,France,32,Activist,Truth out major born guy,Around there water beat magazine. Within mouth call process.,https://randomuser.me/api/portraits/men/78.jpg,"31,23,87,195,97,218,262"
4,Darryl Whitehead,male,Canada,30,Psychologist,Audience draw protect Democrat,Office drug list imagine behind probably great. Level rock pull worker better I.,https://randomuser.me/api/portraits/men/84.jpg,"208,84,3"
5,Sarah Martin,female,France,46,Designer,Loss ten total clearly,Enter six lawyer institution whatever yet.,https://randomuser.me/api/portraits/women/36.jpg,"1,172,196,234"
6,Matthew Cunningham,male,Mexico,62,Writer,Various daughter respond draw,Public feel first sell. Act perform none beyond. Defense enter value thing these hard citizen.,https://randomuser.me/api/portraits/men/44.jpg,"94,95,12,57,36,89,61,180"
7,Susan Williams,female,Mexico,31,Entrepreneur,Stop analysis four capital,Scientist necessary into act. War real chance along.,https://randomuser.me/api/portraits/women/14.jpg,"328,218,22,331,241,31,81"
8,Jason White,male,India,24,Entrepreneur,Site in prove same,"City red him although likely. Staff least figure somebody dinner.
Huge everything attorney significant go.",https://randomuser.me/api/portraits/men/45.jpg,215
9,Teresa Mclaughlin,female,Spain,64,Doctor,Hair attorney professional,Finish summer rest feel finally impact I fast. Court professor here security. Past feeling nature a.,https://randomuser.me/api/portraits/women/69.jpg,"8,75"
10,Matthew Harvey,male,India,23,Activist,Stand seem,Southern challenge animal worker particularly. Lay though offer responsibility.,https://randomuser.me/api/portraits/men/38.jpg,"27,193,222,204,84"
11,Tiffany Vance,female,Japan,30,Psychologist,Spring throughout interview trade knowledge,Late seem style everyone sing machine dream. Back experience even floor music catch.,https://randomuser.me/api/portraits/women/9.jpg,"271,312,6,286"
12,Kenneth Woods,male,Italy,32,Scientist,Fear hope through structure,Son today major event magazine home protect. Right subject try wonder move trade. North agree poor career left anyone here deep.,https://randomuser.me/api/portraits/men/11.jpg,"141,137,142,291,182,86"
13,Alex Hernandez,male,USA,42,Scientist,List boy way,Short cold parent security boy. Who blue agent find. However resource away real physical big.,https://randomuser.me/api/portraits/men/59.jpg,"85,72,229,94,21,197,177,3"
14,Miss Sandra Zimmerman,female,Mexico,41,Entrepreneur,Computer miss practice pattern,Let stay or focus early various everything. During let particular her agreement surface consider. Great election evidence other they.,https://randomuser.me/api/portraits/women/27.jpg,"294,275,64,18,188"
15,Kristen Cooper,female,South Africa,61,Chef,Former reflect even edge building,Build movie several continue describe machine. With modern executive beyond create dinner conference add.,https://randomuser.me/api/portraits/women/10.jpg,"276,61,267,136,50,0,293,269"
16,Rodney Morales,male,Canada,64,Artist,Officer rather,Specific we be easy. Share paper so difficult mission late kind.,https://randomuser.me/api/portraits/men/21.jpg,"1,339,85,234,30,167"
17,Courtney Hernandez,female,India,35,Chef,Step author coach,See notice eye buy read record wall matter. Just our threat same page ago director.,https://randomuser.me/api/portraits/women/89.jpg,92
18,James Hodges,male,Italy,38,Professor,Lawyer fire,Wife identify method write. Left approach million performance material kind appear. Near until just recognize building.,https://randomuser.me/api/portraits/men/30.jpg,303
19,Jason Villa,male,Brazil,43,Scientist,Environment able rise study,Between treat address century that wide. Light wide full realize.,https://randomuser.me/api/portraits/men/9.jpg,"0,275"
20,Mark Brennan,male,Japan,63,Entrepreneur,Coach federal ahead food,"Grow issue each include radio. Color bad that people.
Tree central leave effect effort act source. Quality citizen kid generation onto.",https://randomuser.me/api/portraits/men/28.jpg,"70,51"
21,Sandra Leach,female,India,59,Doctor,Parent good PM,Life away senior difficult. Whose source hand so add Mr. Happy see energy herself police he push.,https://randomuser.me/api/portraits/women/19.jpg,286
22,Tiffany Horton,female,Mexico,33,Psychologist,Industry score choice increase between,Impact week allow have kitchen wear talk between. Name within grow huge couple business. Begin deep police wife anything four writer.,https://randomuser.me/api/portraits/women/72.jpg,"39,31,206,196,289"
23,Carrie Williams,female,South Africa,55,Writer,Moment second live sing,Board mean war analysis situation term miss leader. Article look husband. Make travel available ball.,https://randomuser.me/api/portraits/women/75.jpg,"298,260,303,222,150,51,324,266"
24,Emily Edwards,female,Brazil,32,Student,Hear check type,"Story behavior benefit school. News only no form.
Government program seek test return why. Fine billion medical choice lot suggest glass news.",https://randomuser.me/api/portraits/women/66.jpg,"107,126,161,119,44,174,224,59"
25,Heather White,female,USA,21,Engineer,Not husband center,"Second Democrat information game.
Return since nothing be apply. Senior anyone bank kitchen. Magazine kind event sense box involve.",https://randomuser.me/api/portraits/women/20.jpg,"287,174"
26,Carl Patel,male,Italy,45,Designer,Matter street south,Technology amount affect TV television office. Identify policy face if whom commercial way.,https://randomuser.me/api/portraits/men/9.jpg,"168,325,49,0,248"
27,Christina Morrison,female,India,56,Doctor,Concern significant,Senior service large under north play person. Firm key light place someone option goal avoid. Later arm story baby ten talk past.,https://randomuser.me/api/portraits/women/68.jpg,57
28,Lisa Cox,female,Canada,18,Chef,Hold simple quickly,"Positive at behind question exist rich prevent trade.
Bank professional true financial prevent product. Organization visit finally heavy.",https://randomuser.me/api/portraits/women/93.jpg,"31,75,78,303,294,32,5"
29,Joseph Stanley,male,Italy,52,Scientist,Capital heavy class story side,Analysis hair rest wide particular sell. Doctor dream whole six tough create question.,https://randomuser.me/api/portraits/men/99.jpg,"135,133"
30,Susan Velasquez,female,USA,36,Writer,Us increase how hear,Heart agreement us stuff. Social case expert stop receive catch. Large accept bad eight strong nature road.,https://randomuser.me/api/portraits/women/21.jpg,"296,244,172,174,136,121,187,268"
31,Vanessa Jones,female,Spain,64,Psychologist,Name skill medical after them,Wonder effect administration small general run.,https://randomuser.me/api/portraits/women/34.jpg,"309,74,329,58,271,174,18"
32,James Ochoa,male,Canada,24,Chef,Education send course ground,"Event son join hundred keep what.
Many marriage under mind. Risk bad own state. Family bill foreign fast knowledge response coach.",https://randomuser.me/api/portraits/men/39.jpg,"57,311,153,319"
33,Austin Osborne,male,Mexico,41,Student,Gun we allow check,Head several off morning huge power. Whether ago control military trial. Energy employee land you.,https://randomuser.me/api/portraits/men/70.jpg,"65,52,54,194,68,244"
34,Michael Thompson,male,Japan,38,Doctor,Meeting building cut catch,Guess occur level. Candidate this assume huge response long improve. Statement available win politics last quite.,https://randomuser.me/api/portraits/men/3.jpg,"234,78,244,169"
35,Joseph Campbell,male,Brazil,37,Artist,Economy play,By field move maybe collection. Child probably result painting successful nor stay agreement. We side enough.,https://randomuser.me/api/portraits/men/8.jpg,"130,187,261,165,292,135,185,54"
36,Erik Higgins,male,Japan,23,Engineer,Wish candidate have no,Letter environment easy best face. Ten industry while total spend value. Couple city you level these market.,https://randomuser.me/api/portraits/men/94.jpg,"220,8,217,115,192"
37,Amber Hoffman,female,USA,52,Student,Network available mean share,Quite budget window hour some fund voice sense. Own husband American although require.,https://randomuser.me/api/portraits/women/17.jpg,281
38,Alyssa Wells,female,Canada,28,Scientist,Officer return on color pick,Machine whatever everything fear walk word side relate. First give value somebody event business quality.,https://randomuser.me/api/portraits/women/68.jpg,"119,314,178,11,243"
39,Amy Gutierrez,female,France,52,Psychologist,Beyond side accept nearly,"Present thing little practice sense expert. Position traditional become off movement.
Individual study value already.",https://randomuser.me/api/portraits/women/89.jpg,"278,13,103,46"
40,Edward Craig,male,South Africa,37,Writer,Compare task today,Foreign husband believe word local very according. Dog send west few reveal activity. Realize artist brother fill if maybe.,https://randomuser.me/api/portraits/men/86.jpg,"230,267"
41,Susan Todd,female,Argentina,51,Doctor,Seven quite other,Land region back nor article natural measure. Mr clearly take kind quite response major.,https://randomuser.me/api/portraits/women/16.jpg,"22,79,4"
42,Christopher Taylor,male,France,22,Entrepreneur,Hear through large true,Bag who themselves card team budget. Hotel camera without strong series without leg. Interest here discover leave choice country themselves.,https://randomuser.me/api/portraits/men/3.jpg,264
43,Michael Brennan,male,Japan,32,Professor,Scientist I doctor,"Cell year doctor trouble. Five our pull fly few century produce.
Feel article we they treatment personal. New another general poor high modern.",https://randomuser.me/api/portraits/men/10.jpg,"240,110,108,70,138"
44,Ronald Williams,male,France,22,Professor,Purpose owner them could,Have including none determine certainly. Network once result far cultural. Here street material pressure range.,https://randomuser.me/api/portraits/men/43.jpg,"267,239,314,149"
45,Anthony Smith,male,Canada,33,Scientist,Successful discuss religious,Media health pay project pattern.,https://randomuser.me/api/portraits/men/86.jpg,"268,217,198,335,326"
46,Judy Sanchez,female,France,52,Student,Feel stock ball,"If help live PM.
Matter its six not. Thus try discover top.",https://randomuser.me/api/portraits/women/93.jpg,"302,202"
47,Nicole Taylor,female,France,48,Writer,May window,Join stuff future shoulder.,https://randomuser.me/api/portraits/women/25.jpg,"294,55,174,219,225,254,126,320"
48,Cody Cole,male,USA,60,Writer,Mention billion bed never others,Activity including single right nice yeah. Occur college herself catch feeling. Certainly cold every feel site guess want.,https://randomuser.me/api/portraits/men/46.jpg,"206,10,268,232,30"
49,Mrs. Patricia Johnson DDS,female,India,47,Psychologist,Just fact realize,Cause field education child institution help last. Look husband media turn reality myself so growth. Order trial body eat professor coach partner.,https://randomuser.me/api/portraits/women/7.jpg,75
50,Mr. Todd Thomas,male,Spain,43,Psychologist,Gas six miss,Best reveal laugh attack and represent against. Possible quality clearly worker during company. Former interview left something.,https://randomuser.me/api/portraits/men/44.jpg,"126,261,16,97,58"
51,Logan Matthews,male,France,30,Artist,Goal leader common purpose,Opportunity public finish draw bring health center home. Case himself control player really population yourself never.,https://randomuser.me/api/portraits/men/69.jpg,"265,120,27,91"
52,Paige Carter,female,Mexico,45,Student,Different eye sit,Near both box simple statement happen state. Service kid despite. Bill stop seem fear yourself last.,https://randomuser.me/api/portraits/women/36.jpg,"2,293,338,310,300,222,229"
53,Victoria Shelton,female,France,22,Doctor,Career seek,Yeah term camera tend. Chair focus easy such hotel. Officer environmental increase later.,https://randomuser.me/api/portraits/women/71.jpg,"315,74,177,218"
54,Mr. Michael Horn,male,Spain,59,Activist,Huge why station manager follow,"Natural candidate system small thus several. Between six least.
Kid a when dark. Think few themselves theory.",https://randomuser.me/api/portraits/men/2.jpg,"77,153,202,90,339"
55,Joseph Wallace,male,France,28,Writer,Receive stage,Local director become south. Finish thing case similar. Political quality attention none.,https://randomuser.me/api/portraits/men/63.jpg,"302,223,226,197"
56,Nicole Phillips,female,France,43,Professor,Six soldier,"History drop point audience thousand activity guess. Car team nothing half raise several.
Onto add democratic. We huge expert Republican.",https://randomuser.me/api/portraits/women/22.jpg,"311,10"
57,Tammy Wilson,female,Spain,42,Scientist,Participant finally score scientist budget,"Clearly well mission. Cold camera sit environmental though.
Southern evening ask Republican office baby.",https://randomuser.me/api/portraits/women/59.jpg,"74,305"
58,Regina Klein,female,India,62,Psychologist,Different eat trouble floor,Head maybe top conference source wonder west. Theory tend similar financial.,https://randomuser.me/api/portraits/women/72.jpg,"23,243,223"
59,Kimberly Fields,female,Mexico,30,Scientist,Week ability,Billion morning draw man art. Republican behavior TV today. Including time learn security oil measure PM.,https://randomuser.me/api/portraits/women/28.jpg,139
60,Jerry Edwards,male,Japan,65,Activist,Movie who debate,Enter build citizen rather step recent American. Chance represent why how any federal.,https://randomuser.me/api/portraits/men/8.jpg,"66,309,285,217,96"
61,Samantha Watson,female,Spain,21,Designer,Visit base only true avoid,Total kitchen can toward stop. Business walk anything under item right.,https://randomuser.me/api/portraits/women/62.jpg,"77,186,339,82,282,337"
62,Joseph Mccoy,male,Spain,50,Engineer,Some writer site grow name,Tree maybe home conference five despite. Around yard morning short yourself. Beyond prevent entire staff.,https://randomuser.me/api/portraits/men/24.jpg,"21,286,37,193"
63,Alfred Haynes,male,Japan,22,Chef,Nor none could write think,Finally make bed discussion despite money a. Cut candidate response try such food against only. Similar suffer team whether.,https://randomuser.me/api/portraits/men/31.jpg,"234,204,292,57,156,308,305,186"
64,Patricia Bradley,female,USA,54,Artist,Own TV whose,"Bit many former back get floor player. Start prove role from.
Decide really go skin result.
Just information coach increase think goal.",https://randomuser.me/api/portraits/women/75.jpg,"96,38,230,65,211,256,233,308"
65,Steven Davis,male,Japan,23,Writer,World throw relate issue president,Major produce before name continue those hard. And keep enjoy student nor character recent. Beat gas must wife.,https://randomuser.me/api/portraits/men/85.jpg,"250,115,295,299,110,123"
66,Miss Sandra Scott DVM,female,Germany,31,Chef,Beautiful news,Task mind true actually red onto. Both change note old who beyond. None big experience movie.,https://randomuser.me/api/portraits/women/92.jpg,"26,288,260"
67,Sheila Taylor,female,France,34,Writer,Similar fly rock painting,Kid tree imagine machine might. Start middle city find medical career.,https://randomuser.me/api/portraits/women/17.jpg,"156,293,192,312,167,64,284,209"
68,Mrs. Kristen Cooper,female,Argentina,38,Engineer,See read expect,"Clear occur who. Positive question especially important after. Listen car community.
Education source figure whom poor.",https://randomuser.me/api/portraits/women/2.jpg,"106,302,259,163,273,63,138,128"
69,Mary Farley,female,Japan,54,Engineer,Could military drive,Identify floor cause agent market fast trade identify. On yes staff.,https://randomuser.me/api/portraits/women/10.jpg,230
70,Steven Pena,male,Canada,34,Student,Great season film,End family surface like term on. Author threat matter test high fear approach take. Yeah garden would throughout.,https://randomuser.me/api/portraits/men/45.jpg,"192,95,276,78,37,272,244"
71,Aaron Ferguson,male,France,41,Scientist,Wear throughout series most,"Phone eat really.
Can himself open cold statement. Way lay minute model its. Garden top grow could.",https://randomuser.me/api/portraits/men/21.jpg,"10,144,259,21,246,0"
72,Linda Williams,female,Canada,63,Scientist,President after,Know buy education reduce day rate. Feeling product production.,https://randomuser.me/api/portraits/women/79.jpg,"290,160,204,324,173,10"
73,Christopher Kelley,male,Italy,53,Scientist,Read lose doctor,"Trade structure protect chance.
Avoid rich toward popular lead with enough. Between company always.",https://randomuser.me/api/portraits/men/85.jpg,"75,104,302,208,106"
74,Shawn Davis,male,Mexico,34,Engineer,Consumer husband while even,Son power someone both receive around wall. Billion treat lot notice. Consider here grow agreement range stuff.,https://randomuser.me/api/portraits/men/14.jpg,"237,57,47,180,298"
75,Brandon Stanley,male,Germany,36,Designer,Loss professional political,"Throughout party activity various measure light many. Avoid man drive wife.
Development poor idea dog learn soon large.",https://randomuser.me/api/portraits/men/27.jpg,"242,306,73,76,329"
76,Lisa Kennedy,female,France,61,Chef,Respond box service develop,Stop who factor miss reduce animal. Manage state score important. Particularly could us hotel lead.,https://randomuser.me/api/portraits/women/34.jpg,"73,236"
77,Lauren Glass,female,Germany,21,Engineer,Reality community spring,Price paper focus thing industry participant. Event white wife laugh card.,https://randomuser.me/api/portraits/women/82.jpg,"11,81,181,314"
78,Karen Duncan,female,Germany,20,Professor,Purpose throw move there,Mission agent certainly. Customer seek claim expert. Chair artist six daughter must.,https://randomuser.me/api/portraits/women/43.jpg,"109,106,159,144,219,207,334,211"
79,Darius Schultz,male,Italy,34,Student,Sense national owner simply,Large work avoid while same. Help investment news candidate.,https://randomuser.me/api/portraits/men/95.jpg,"336,321,330,1,147,75"
80,Kerry Barajas,female,Canada,63,Writer,Boy generation,"Truth during always those high someone box either. Agency might side method meet.
Fast prepare fly. Way cold what Mrs. Phone decision picture.",https://randomuser.me/api/portraits/women/72.jpg,"24,308,18,289,186,39,249"
81,Anthony Bauer,male,USA,22,Psychologist,Audience start treat imagine later,First hope brother accept result as. Animal summer group me face rate paper example. High state air choose detail section.,https://randomuser.me/api/portraits/men/20.jpg,"19,202,132,251"
82,Matthew Hunt,male,Brazil,55,Activist,Contain pattern education,Provide note approach seem. Leave near fact attack better rise maintain.,https://randomuser.me/api/portraits/men/19.jpg,203
83,Sara Taylor,female,Mexico,20,Scientist,There leg grow figure,Compare parent success teach. Through cultural safe phone. Throughout support place spend.,https://randomuser.me/api/portraits/women/47.jpg,"150,80"
84,Christopher Fry,male,Brazil,31,Chef,Save low grow,Discussion enough doctor protect military social hold. Thing always possible billion why plant event.,https://randomuser.me/api/portraits/men/32.jpg,55
85,Jonathan Taylor,male,Brazil,53,Writer,Discover method exactly,"Church own stage produce. Specific result loss long decision claim.
During campaign or. Picture always occur argue. Two might if wide point.",https://randomuser.me/api/portraits/men/80.jpg,"52,157,89,319,318,158,295,195"
86,Dennis Ramsey,male,France,28,Student,Two others attention her,Admit mission training range. Painting concern top outside.,https://randomuser.me/api/portraits/men/53.jpg,"146,177"
87,Ralph Kent,male,Mexico,65,Entrepreneur,Exist theory,Country remember smile official brother. Heart day sound. Gun choice prepare effect talk interest.,https://randomuser.me/api/portraits/men/53.jpg,"283,54,305"
88,James Morgan,male,Germany,28,Psychologist,Pass range appear home player,Likely outside because enjoy. Bag also his worker pass minute.,https://randomuser.me/api/portraits/men/14.jpg,"305,16,271,144"
89,Andrea Davis,female,Spain,48,Artist,Risk next on,Difficult white lawyer identify above. Imagine blood authority family. Sort what then spend.,https://randomuser.me/api/portraits/women/26.jpg,"124,278,3,175,243,146,65"
90,Sandra Wright,female,Brazil,37,Artist,Human see,Never condition finish despite. Especially water raise travel material current save. Deal dark economic peace choose.,https://randomuser.me/api/portraits/women/29.jpg,"254,63"
91,Clayton Duran,male,Italy,30,Writer,Exactly develop office approach son,Allow girl team simply lead build million. Ready activity decision ok foot party. Cost enjoy especially when gas.,https://randomuser.me/api/portraits/men/43.jpg,"3,39,88,12,174,259,135,313"
92,Nancy Kennedy,female,USA,35,Entrepreneur,Computer matter,"Foot member simple land bad party. Place certain cold space front piece occur.
Class direction first fact. Painting house thought sit voice.",https://randomuser.me/api/portraits/women/83.jpg,"133,314,32,75,297,21,112,287"
93,Mary Dalton,female,Italy,52,Entrepreneur,Ten level that various,Career way much opportunity lead see. Itself policy move training loss dinner become. Hand employee field a spring.,https://randomuser.me/api/portraits/women/4.jpg,"67,116,291,279,254"
94,David Espinoza,male,Germany,29,Designer,Stock determine bad personal,Space range expect sea speak include table consumer. Book lay laugh red man. Affect anyone movement control bill especially.,https://randomuser.me/api/portraits/men/34.jpg,"184,41,103,252"
95,John Lee,male,USA,56,Writer,Stage stock business,Side kitchen scene almost leave side. Program decade home which view city rock.,https://randomuser.me/api/portraits/men/45.jpg,92
96,Ann Moore,female,India,56,Activist,Rather full,Art popular red social. Maintain first next popular. South just cover ready group care. Magazine join far.,https://randomuser.me/api/portraits/women/15.jpg,199
97,Kimberly Hughes,female,Japan,30,Scientist,Raise she child executive important,Benefit probably analysis visit. Them dark magazine better. Politics home majority perhaps opportunity any determine.,https://randomuser.me/api/portraits/women/6.jpg,"42,121,96,65,219"
98,Samantha Bauer,female,Spain,51,Activist,Statement entire,"Strong back democratic mind.
Mother country moment eat personal. Next newspaper second short.",https://randomuser.me/api/portraits/women/88.jpg,"191,101,57,172"
99,James Pierce,male,Brazil,45,Engineer,Growth laugh where,"Work other military.
Feel develop talk. Sign wall state.",https://randomuser.me/api/portraits/men/86.jpg,"293,292,268,327,69,232,240"
100,Laura Miller,female,Japan,38,Chef,Two free,Us building side section support up. Him fight American music change maybe determine anything. Wife send offer bed it skill.,https://randomuser.me/api/portraits/women/16.jpg,"230,280,50,3,75,285"
101,Katherine Pearson,female,Canada,37,Chef,Night young modern,Entire involve range office. Public interest give fly.,https://randomuser.me/api/portraits/women/53.jpg,"211,112,252,38,133,21"
102,Kimberly Harris,female,India,62,Scientist,Seek nature performance yeah reason,On professional analysis color exist smile.,https://randomuser.me/api/portraits/women/71.jpg,"136,302,60,313"
103,Gavin Long,male,France,44,Chef,Adult range green,You without every artist election. Three spring ahead never exactly charge.,https://randomuser.me/api/portraits/men/49.jpg,"4,114,30,21,198,192"
104,Steven Browning,male,Japan,54,Scientist,Yet wish certain usually,Attack mouth rest contain style certainly. She they increase.,https://randomuser.me/api/portraits/men/52.jpg,"199,96"
105,John Banks,male,Germany,36,Artist,System man case,Allow share address establish including. Serious at until worry term.,https://randomuser.me/api/portraits/men/56.jpg,"40,300,277"
106,Whitney Stone,female,Argentina,46,Doctor,Worker always hold share,Fact huge fight still leave.,https://randomuser.me/api/portraits/women/87.jpg,"328,66,14,65,275,164,338,169"
107,Michael Meadows,male,Canada,48,Psychologist,Responsibility but box,Be religious risk window partner civil. Herself should treatment not process change than. Shoulder anything final role.,https://randomuser.me/api/portraits/men/22.jpg,"76,191,236"
108,Manuel Grant,male,Germany,50,Chef,Any challenge president,"Take project study fear.
Board year claim. Particularly reality organization skin concern.",https://randomuser.me/api/portraits/men/82.jpg,"98,211,157,53"
109,Misty Jacobs,female,USA,33,Chef,Interview summer employee,Government can none mind place manage conference participant. Without ability agency personal brother. Son yourself increase free night.,https://randomuser.me/api/portraits/women/40.jpg,"119,189,6,136,162"
110,Glenn Ramsey,male,France,27,Professor,Whether story create street two,Something population loss physical throughout Mr friend. Until argue minute north question new. Decade rate son.,https://randomuser.me/api/portraits/men/6.jpg,"29,157,99,7"
111,Ronald Turner,male,Argentina,57,Engineer,Few born size sing tree,"Agent lot matter couple type run model. Century the state visit quality car. Least require mission.
Usually reach organization beautiful level.",https://randomuser.me/api/portraits/men/59.jpg,"304,10,158,198,323"
112,Stephanie Flores,female,Italy,54,Artist,Expert mother significant,"Chance event address performance method. My near even wall sound.
Commercial find throughout music anything. Likely push black. Beat hot relate.",https://randomuser.me/api/portraits/women/92.jpg,"230,309,202,178,331,314,167"
113,Carolyn Tate,female,Argentina,43,Artist,Offer meet if research blood,Society mouth husband including. During city lot at decade really issue woman. Skin name door production back us off.,https://randomuser.me/api/portraits/women/19.jpg,"54,145"
114,Aaron Thomas,male,USA,45,Artist,Laugh factor past,"Day theory feel some quickly. Response trip wrong old particularly member. System artist too whose.
Star grow technology tend dog reduce hour.",https://randomuser.me/api/portraits/men/23.jpg,"155,11,97,334,13,242"
115,Mrs. Breanna Shaffer,female,Spain,53,Artist,Throw receive us perhaps,Interest star his difficult interesting account marriage. Republican especially unit office almost. Nothing relate both.,https://randomuser.me/api/portraits/women/16.jpg,"159,309,122,22,76,224,269"
116,Kimberly Smith,female,Mexico,47,Chef,Mention light safe inside,Cold reason our fight size. Article list college appear wrong.,https://randomuser.me/api/portraits/women/68.jpg,"33,48,219"
117,Patricia Young MD,female,Argentina,57,Psychologist,Decision same generation,Apply less live live. Do raise hope enjoy most itself eye.,https://randomuser.me/api/portraits/women/65.jpg,"115,192,60,126,143,207"
118,Kimberly Chambers,female,Canada,46,Student,Activity best,"Goal rise edge alone people arm order. Wear point remain build task.
Prevent tonight not whose to receive. Far produce away law yet.",https://randomuser.me/api/portraits/women/96.jpg,"55,62"
119,Amanda Jones,female,Argentina,34,Artist,Since affect marriage,"Professor entire record.
About remain side long identify road speech. Music about west stand. Building movement yard four field area young.",https://randomuser.me/api/portraits/women/82.jpg,"54,292,97,75"
120,Ashley Barker,female,Canada,49,Chef,Be plan same cause,"Rest or majority. Society poor matter who.
Already argue skin. If deep president. Learn question them chance often under already.",https://randomuser.me/api/portraits/women/31.jpg,"170,283,168,193,242,244,292"
121,Sara Brown,female,Argentina,22,Psychologist,Box organization,As dark front structure scene. Food wish office case student soldier. Or friend building. Serious collection have close.,https://randomuser.me/api/portraits/women/37.jpg,"107,57"
122,Ricky Alvarez,male,Germany,39,Entrepreneur,Deal policy mission,Visit particular also conference matter. Physical site girl above. Court worry with peace television.,https://randomuser.me/api/portraits/men/70.jpg,"169,179,93,44,55,110,215,94"
123,Steven Griffith,male,Mexico,27,Artist,Often industry section together discover,Direction down include customer through available. Machine three certain until lawyer hold carry rest.,https://randomuser.me/api/portraits/men/50.jpg,"244,259,255,130,120,25"
124,Kevin Hernandez,male,South Africa,31,Engineer,Together individual analysis yard safe,International hour special. Laugh drive next actually. Wear car fast positive before look.,https://randomuser.me/api/portraits/men/54.jpg,"298,94,75,244"
125,Lori Cruz,female,Brazil,52,Doctor,Most fast send recently,"Health laugh may stop.
Question mouth factor per son war speak. Could this beautiful hospital. Eye what body every.",https://randomuser.me/api/portraits/women/54.jpg,"258,15"
126,Matthew Jenkins,male,France,44,Writer,Pretty skin main program,Knowledge fight car smile commercial employee machine. Show another good lay coach. Republican expect win stuff.,https://randomuser.me/api/portraits/men/99.jpg,"150,188"
127,Jerry Cantrell,male,Japan,42,Doctor,Feeling turn identify material certainly,"Choose wife national medical positive far. Wide senior yes project son. Full both look always question bring.
Pay detail group for part crime.",https://randomuser.me/api/portraits/men/1.jpg,"195,229,184,125,41,62,23"
128,Heather Madden,female,Germany,42,Writer,Because road know yeah sound,South wife interest to. Structure our century field.,https://randomuser.me/api/portraits/women/69.jpg,"251,265"
129,John Johnson,male,Argentina,32,Scientist,Child feel,President throughout individual man. Agreement share manage wife out. Ok not than physical live reason.,https://randomuser.me/api/portraits/men/56.jpg,"218,103,177,45"
130,Amber Carter,female,Spain,42,Entrepreneur,Message short,"Out cold follow first. Even recently guy move goal.
Carry example single. Future treat bill choice determine could.",https://randomuser.me/api/portraits/women/86.jpg,"238,125,80,217,149,170,183"
131,Natasha Wilson,female,South Africa,28,Doctor,Task central dinner,"Candidate bad real six back. Serious amount blue soldier message arrive budget.
At property senior. Turn day top continue.",https://randomuser.me/api/portraits/women/17.jpg,"210,293,213,57,226,124,237"
132,Paul Smith,male,India,55,Designer,Under turn,Recently continue pull blue strong wonder. Democrat dinner both world buy book. Many guess explain reveal.,https://randomuser.me/api/portraits/men/85.jpg,"91,3"
133,John Shelton,male,USA,59,Writer,Actually purpose public,Mission put budget house reason within. Ask window full organization. But study rise everything require old.,https://randomuser.me/api/portraits/men/18.jpg,255
134,Megan Stanton,female,Mexico,21,Scientist,Painting force few perhaps,Should society dark product make energy gas. National weight all involve trip himself fire.,https://randomuser.me/api/portraits/women/49.jpg,"222,60,270,84,129,186,108"
135,Heather Levine,female,France,47,Entrepreneur,Article opportunity campaign hand,She personal herself. Generation group goal product easy possible. Be read than boy college Mrs also price. Nothing top entire receive onto worry.,https://randomuser.me/api/portraits/women/44.jpg,"297,171,326,165,107,294"
136,Mrs. Courtney Newton MD,female,Germany,44,Scientist,Behind front attack song little,"Somebody prepare few sound item music. Increase economy middle public natural.
Reflect television officer defense while score level view.",https://randomuser.me/api/portraits/women/11.jpg,"90,209,230,239,64,18,119,283"
137,Alyssa Robles,female,Spain,65,Activist,Less nice job,"City carry election sound probably.
White magazine after. Finish fear as western.",https://randomuser.me/api/portraits/women/7.jpg,"249,90,218,139,167,123"
138,Jean Goodman,female,France,59,Engineer,Very design blood,"Keep effect operation make hear. First interest radio white.
Little happy final population toward alone. Real small dream.",https://randomuser.me/api/portraits/women/84.jpg,"49,217,13,268,199,258"
139,Matthew Mccormick,male,Spain,33,Artist,Term statement wait,Unit four institution truth beyond civil. Media goal own spend scene. Receive seven political contain kitchen political able.,https://randomuser.me/api/portraits/men/3.jpg,338
140,Craig Perry,male,France,26,Doctor,Hour help strong,"Again age next partner director. Wind cup red collection. Peace outside chance when color note.
Itself turn law purpose budget require course.",https://randomuser.me/api/portraits/men/86.jpg,"255,283,73,166,218,90,33"
141,David Hayes II,male,Japan,31,Doctor,Range leader action card follow,Require remain save eight believe. Appear use likely great. Vote whose our security animal effect people few.,https://randomuser.me/api/portraits/men/90.jpg,"229,222,135,272,50,66,89"
142,Heather Jordan,female,Brazil,28,Designer,Party seven enough,Throughout firm yes shake character table. Apply chance discover along employee relationship. Break time manager kid writer night.,https://randomuser.me/api/portraits/women/78.jpg,"10,318,280,63,20,96,299,276"
143,Alexander Maldonado,male,Mexico,37,Engineer,Hour opportunity week,Ahead least remain look. Western order accept wide prevent week foot rule. Can tell soon executive sometimes season natural.,https://randomuser.me/api/portraits/men/75.jpg,"35,92,278"
144,Peter Shepherd,male,Germany,54,Chef,Control piece behavior message wind,Us money positive base. Join trade local chance campaign total success.,https://randomuser.me/api/portraits/men/49.jpg,"60,79"
145,Elizabeth Matthews,female,South Africa,30,Engineer,Serious last space game,Continue section page the blood. Adult house actually pretty least if price.,https://randomuser.me/api/portraits/women/76.jpg,"55,33,76,182"
146,Jeremy Washington,male,USA,62,Scientist,Teacher one,Notice street anything account piece. Woman support say other never fact.,https://randomuser.me/api/portraits/men/88.jpg,"45,311,168,176"
147,Nicholas Harrison,male,Japan,20,Entrepreneur,Discussion detail training fund,"Still thus allow as. Box dinner no main year size.
Environment character real middle prove relationship unit.",https://randomuser.me/api/portraits/men/69.jpg,"127,80,122,309,77,294,182,229"
148,Christina Montes,female,Italy,41,Engineer,Early speak,Measure be head senior guess. Charge send instead direction soon. Truth together weight might radio want.,https://randomuser.me/api/portraits/women/65.jpg,"157,260,257,242,108"
149,Kelly Phillips,female,Spain,44,Doctor,Though red them return,Account evidence month turn record land. Thought person peace kind generation. Simple thing base Mr hope rest.,https://randomuser.me/api/portraits/women/14.jpg,"254,79,284,245,195,229,204"
150,Elizabeth Henderson,female,Brazil,58,Doctor,Book art health phone,Answer prepare by fear. Law work south. Not thus physical mouth other go expect size.,https://randomuser.me/api/portraits/women/91.jpg,"162,57,249"
151,Joseph Foster,male,India,29,Psychologist,Once PM you,Statement certain camera represent can relate. Brother defense list second want hard weight. System book hard face mission brother figure hear.,https://randomuser.me/api/portraits/men/67.jpg,"214,8,150,20,187,232,157,162"
152,Jennifer Berry,female,Japan,52,Doctor,Laugh full help strong street,"Measure leave last last. Become person perhaps hold too fund.
Save position tend religious occur someone.",https://randomuser.me/api/portraits/women/60.jpg,"189,219"
153,Danielle Thornton,female,South Africa,55,Scientist,Know southern parent I and,"Join increase teacher fish either boy.
Collection century eight bed fill imagine college. Which consider require fear better central throw election.",https://randomuser.me/api/portraits/women/42.jpg,93
154,Mark Mcintyre,male,USA,35,Doctor,Especially white,Several prepare by nothing land. Data whose health world site Mr interest.,https://randomuser.me/api/portraits/men/32.jpg,"57,249,208,332"
155,Brenda Hawkins,female,Japan,57,Chef,There decision measure,Play woman remain event production focus. Least outside administration reality position. Participant above act.,https://randomuser.me/api/portraits/women/49.jpg,188
156,Valerie Bennett,female,Spain,49,Entrepreneur,Group concern should recent across,View know develop after exactly TV. Course staff personal space determine woman. Already manage region paper according worker.,https://randomuser.me/api/portraits/women/24.jpg,"32,171,203,79,242"
157,Miss Lisa Becker,female,France,40,Scientist,Ability interview pull practice,Such imagine business million many military. This different everyone. Mother first hot free they space.,https://randomuser.me/api/portraits/women/44.jpg,"297,196"
158,Felicia Wright,female,Japan,62,Scientist,List when,Mind door authority outside just believe.,https://randomuser.me/api/portraits/women/72.jpg,"187,110,115,31"
159,John Patterson,male,Canada,30,Engineer,People fund visit situation law,Court bill organization attack smile cover of PM. Green loss per control case. Art find job.,https://randomuser.me/api/portraits/men/31.jpg,"7,10"
160,Chelsey Alvarez,female,Argentina,53,Artist,Outside former official white,Industry class lawyer smile among. Turn police really level defense. Same weight former science day contain wrong. Act group never central key place.,https://randomuser.me/api/portraits/women/89.jpg,"225,164,84,146"
161,Breanna Pena,female,Italy,63,Doctor,Full decision,Hard head commercial money sometimes. Think there assume certain under some court her. Fish involve player TV several onto.,https://randomuser.me/api/portraits/women/58.jpg,"60,316,85,120,185,331,245,333"
162,John Sosa,male,USA,36,Artist,Environmental husband TV once,"Detail data tell how fill.
Church successful effort be seem far million. Once let perform international level. Happen marriage event agent kid enter.",https://randomuser.me/api/portraits/men/52.jpg,"23,34,334"
163,Eric Ochoa,male,Germany,60,Designer,Course page case,Across federal state situation identify. State serious activity pressure writer week. Dinner rich decide do only need.,https://randomuser.me/api/portraits/men/48.jpg,100
164,Allison Floyd,female,Canada,51,Entrepreneur,Child well form,Trial off hospital high we as hit little. Notice later thus behavior bit need. Step owner agree. Attorney white exist do process.,https://randomuser.me/api/portraits/women/55.jpg,"258,175,63,162,327"
165,Mary Moore,female,Brazil,62,Doctor,Voice onto maybe range every,Knowledge station painting east.,https://randomuser.me/api/portraits/women/35.jpg,"115,171,254,130,222,199,145"
166,Denise Fuller,female,Germany,32,Engineer,Project at risk,In seven building hard sense mean single. Late education media left available reason.,https://randomuser.me/api/portraits/women/93.jpg,195
167,Christopher Martinez,male,Brazil,25,Psychologist,Collection provide action event,Concern research throughout mother kind answer. Political respond to hospital final appear above. Short up hear draw before instead.,https://randomuser.me/api/portraits/men/69.jpg,"7,108,64,328,200,233,268"
168,Nathaniel Williams,male,France,31,Psychologist,Blue force no couple debate,Voice building degree ground community I. Activity defense detail price everything perhaps. Attack despite feeling.,https://randomuser.me/api/portraits/men/62.jpg,"323,244,22,99,90"
169,Nancy Todd,female,South Africa,55,Activist,Bag case material dark heart,"Type our watch school forget.
Poor set minute within possible eye. Director run garden.",https://randomuser.me/api/portraits/women/77.jpg,204
170,Christina Davis,female,USA,30,Scientist,Nature somebody daughter medical international,Clearly culture interest paper field. Large player even sit bag win huge. Likely institution participant item.,https://randomuser.me/api/portraits/women/30.jpg,272
171,Andrea Taylor,female,Mexico,37,Professor,Cultural trouble above technology,Identify indeed house score himself film would. Impact although TV his. Class several whatever side seem give remember.,https://randomuser.me/api/portraits/women/91.jpg,"138,164,147,72,277,265"
172,Michael King,male,Germany,20,Professor,Official production claim bring begin,Relationship wind ball travel then coach. Education few whose probably him final. Sell under thank body of something.,https://randomuser.me/api/portraits/men/71.jpg,"85,297,148,312,82,200"
173,Michele Gonzalez,female,South Africa,26,Chef,Me book note,"Cut seek speak court. Key tree body player bag beat.
Ask ahead doctor magazine set. Article seem account.",https://randomuser.me/api/portraits/women/97.jpg,"267,220,265,225,41,313,143"
174,Allison Martinez,female,USA,18,Designer,Evidence recognize spring happy peace,Including could worry whatever spend admit growth. Wide save question. Parent hundred partner bank into.,https://randomuser.me/api/portraits/women/37.jpg,"124,86,160"
175,Terry Graves,female,Argentina,46,Entrepreneur,Itself respond,Total short detail election live today. Program two plant man.,https://randomuser.me/api/portraits/women/24.jpg,281
176,Jacob Castaneda,male,Germany,48,Engineer,Officer ability artist movie,Floor half quickly someone mind own. Blood across system firm staff. Student matter lay own certainly.,https://randomuser.me/api/portraits/men/9.jpg,322
177,Tracy Brown,female,Argentina,22,Designer,Check respond summer various,Type simply task. Federal spring treatment city again hot.,https://randomuser.me/api/portraits/women/81.jpg,"99,86"
178,Matthew Cox,male,Mexico,27,Designer,Big size teach heavy work,Benefit wind conference appear. Practice order wide phone identify alone drive.,https://randomuser.me/api/portraits/men/39.jpg,"97,328,210,246,164,43,10"
179,Kenneth Armstrong,male,France,25,Activist,Really behind or,Yourself reflect fear by foot research television. Continue spend after new movie speech major. Student much standard prepare send debate probably.,https://randomuser.me/api/portraits/men/98.jpg,"113,260,137"
180,Veronica Hunter,female,Japan,56,Designer,Whom commercial with probably,Animal watch toward fall move. Officer reason mission worry.,https://randomuser.me/api/portraits/women/29.jpg,"179,165,201,206,4,48"
181,Briana Harris,female,Argentina,46,Scientist,Run yet recent cover head,Clearly start first skin her who easy establish. Body nature at policy guy four event. Event better woman develop weight.,https://randomuser.me/api/portraits/women/76.jpg,"40,256,284,35"
182,Stephanie Jackson,female,Germany,54,Designer,Congress south question small,Think I or else rather require price central. Save apply rise window religious eat participant. Consumer worry sometimes maybe every into walk.,https://randomuser.me/api/portraits/women/8.jpg,"75,233,135,101,333"
183,Dustin Noble,male,France,58,Artist,While interest,Look middle your thousand. If pattern treat second. Reflect see each school week statement.,https://randomuser.me/api/portraits/men/34.jpg,"48,29,261,225,55,116,1"
184,John Baker,male,Mexico,33,Student,Scene notice,Upon where middle throw very. Summer arm accept leave fear blue glass reveal.,https://randomuser.me/api/portraits/men/71.jpg,"38,99"
185,Seth Gonzalez,male,Mexico,18,Writer,Expect card inside,"Civil current look. Budget major many race camera. Maybe type successful home body blue.
Choose matter should door.",https://randomuser.me/api/portraits/men/58.jpg,"311,197,277,172,67"
186,Meredith Shaw,female,Germany,20,Artist,Country talk pick,Build husband event court certainly. Pattern before anything.,https://randomuser.me/api/portraits/women/37.jpg,"268,238,241,327"
187,Dominique Ramirez,female,South Africa,47,Engineer,Beyond continue way hair fight,Raise side candidate. Scientist guess single more he practice.,https://randomuser.me/api/portraits/women/88.jpg,"27,149"
188,John Juarez,male,Germany,58,Designer,Result analysis court nearly education,Thus large response treat attack industry. So cold ever whose face what article. Scientist however range that will.,https://randomuser.me/api/portraits/men/85.jpg,"275,261"
189,Jonathan Le,male,India,25,Activist,Field detail remain,Commercial animal draw although. Walk everyone card them. Politics eat statement.,https://randomuser.me/api/portraits/men/29.jpg,"201,111,141,260"
190,Matthew Parrish,male,Germany,27,Engineer,Blood second high president thank,Attorney author early training wife. Right case seek activity. Help again step shake. Car show environment.,https://randomuser.me/api/portraits/men/8.jpg,"283,10,195,291"
191,Thomas Cohen,male,Germany,56,Psychologist,Man yard,What example baby free. Type turn time page concern most.,https://randomuser.me/api/portraits/men/73.jpg,"127,102,72,121,261,268"
192,Andrea Lane,female,Argentina,25,Doctor,Certain follow camera,Floor interest really including soldier four. Himself near much manage movie. His ok instead official really.,https://randomuser.me/api/portraits/women/89.jpg,"97,211,280,53,276"
193,Julia Conley,female,South Africa,43,Scientist,Will tree drug still argue,"While region help ago. He reduce production available study that.
Half bad baby notice.",https://randomuser.me/api/portraits/women/65.jpg,"76,292,204,29,50,252,332"
194,Alexandra Wall,female,Argentina,23,Designer,Never stop try maybe,Use even begin help week sea. People despite contain second nice success.,https://randomuser.me/api/portraits/women/6.jpg,"228,25"
195,Kristen Little,female,South Africa,38,Designer,Drive be,And worry low answer behavior final wonder. When matter fire hospital green. Reflect best imagine scientist.,https://randomuser.me/api/portraits/women/33.jpg,"188,121,242,227,1,27,206,53"
196,Daniel Maldonado,male,USA,32,Chef,Shoulder claim white,Prepare us game size fund growth task issue. Dream young parent when note yes. Source central that natural.,https://randomuser.me/api/portraits/men/74.jpg,"74,200,156"
197,Jeremy Glass,male,Italy,35,Designer,Will major guy,Important people quite kid mention person. Health radio media enjoy then radio.,https://randomuser.me/api/portraits/men/6.jpg,"179,269"
198,Curtis Murphy,male,Argentina,51,Chef,Garden page defense scientist,"Lawyer nation we certainly degree. All over herself view gun involve list.
Test well raise establish player.",https://randomuser.me/api/portraits/men/57.jpg,"323,256,208,39,262,295"
199,Nicole Martin,female,Mexico,55,Writer,Walk loss movement six,Tree now statement night throw cup. Pattern food worry voice sea say first character. Value material first society purpose enjoy reveal.,https://randomuser.me/api/portraits/women/82.jpg,"332,324,76"
200,Kathryn Parrish,female,USA,48,Entrepreneur,Power lay improve goal,Mission share box compare into computer. Class job expect process quite plant reduce visit. Yet south billion power.,https://randomuser.me/api/portraits/women/53.jpg,"258,188"
201,Rebecca Perry,female,Brazil,60,Engineer,Above training allow,"So subject million scientist.
Color occur involve new hot pattern. Stock soon official can player within. Idea fish citizen discuss.",https://randomuser.me/api/portraits/women/21.jpg,"144,71,218,264,270,306"
202,Tammie Miller,female,India,62,Doctor,Agent safe work play,Dream today father movement. Risk southern her employee appear. Various physical point often.,https://randomuser.me/api/portraits/women/37.jpg,"47,29,339,1,212"
203,Katherine Johnson,female,Canada,20,Doctor,Main personal,Heart finish traditional speak conference act. Process piece talk bring.,https://randomuser.me/api/portraits/women/12.jpg,"6,53,334,263,150,212"
204,Karen Ashley,female,Germany,38,Engineer,Remain present level speak,Watch two economic cup suffer response which. On short find some. Item land others even five blue him.,https://randomuser.me/api/portraits/women/99.jpg,"180,169,219,329,242,306,241"
205,Erica Gibbs,female,Canada,18,Chef,Early Democrat he certain,Act read response degree. Somebody together no history own money bill. Respond watch space provide off.,https://randomuser.me/api/portraits/women/70.jpg,"169,242,268,40,251,225"
206,Diane Skinner,female,India,21,Artist,Already mouth month front,Like stop indeed feeling.,https://randomuser.me/api/portraits/women/67.jpg,"48,336"
207,Courtney Miller,female,Japan,49,Chef,Staff Mr above read,Third amount answer fight enough.,https://randomuser.me/api/portraits/women/57.jpg,"233,221,77,196,139,109,216"
208,Michael Jones,male,France,35,Activist,Art actually democratic stand,Bit decade opportunity month teach set find. Pretty summer black candidate true history laugh.,https://randomuser.me/api/portraits/men/17.jpg,"307,129,164,205,62,235"
209,Janet Reilly,female,Argentina,62,Doctor,Family idea order,Management item race position where detail apply along. Draw mother every third record. Hot big safe they environmental day.,https://randomuser.me/api/portraits/women/16.jpg,"109,278,136,288,214"
210,Adam Wells,male,Italy,56,Artist,Again window thing color,"Goal listen a their line and admit quite.
Moment cold chair behind fight. Laugh same wrong either main hair.",https://randomuser.me/api/portraits/men/91.jpg,"24,270,221,335,312,110"
211,Devin Stone,male,Germany,53,Professor,Challenge improve,Ground all officer receive. Grow season create western police whole.,https://randomuser.me/api/portraits/men/71.jpg,"300,68,288,118,115"
212,Elizabeth Roberts,female,USA,32,Engineer,Administration American executive,Apply figure involve produce. Anyone case these. Program shoulder choice beat establish you culture. Truth fact allow usually eat question hit human.,https://randomuser.me/api/portraits/women/60.jpg,6
213,Clifford Patton,male,Italy,27,Doctor,Benefit money reason mean,Government level which leave tree ago short. Sense past few drug. Health per tonight there apply suddenly call.,https://randomuser.me/api/portraits/men/92.jpg,"257,242,194,128"
214,Anne Roberts,female,Canada,63,Scientist,Real ten building once,Reduce might no. Carry time policy choice pick rest view. Perhaps customer attack check they mind easy.,https://randomuser.me/api/portraits/women/54.jpg,15
215,Jessica Fields,female,Argentina,33,Doctor,Center seat drive,Customer lose face beyond open happen every. Recently blue indicate interesting agreement lead. Hope oil alone practice price know traditional.,https://randomuser.me/api/portraits/women/71.jpg,"247,269,284,45,296,50"
216,Richard Ramirez,male,India,30,Designer,Type attention stuff,While paper Congress remain medical probably. Can food western give pay. Attack ahead run discuss professor material.,https://randomuser.me/api/portraits/men/66.jpg,22
217,Lawrence Pittman,male,USA,35,Writer,Fly recognize help,Current education join experience cut class sport. Beat agency where benefit almost. Throw growth impact national.,https://randomuser.me/api/portraits/men/44.jpg,"132,73,157"
218,Shelly Carroll,female,Spain,36,Psychologist,Site fear brother,"Own former difference. Two edge reflect attack the.
Move drop military particularly. Human arm recently book likely.",https://randomuser.me/api/portraits/women/39.jpg,"116,41,274,237,299,66,13"
219,Sherry Young,female,Mexico,46,Activist,South nor,Generation audience indicate. Upon thought long can rich bit market different. It field sure will again area. Move team radio scene need.,https://randomuser.me/api/portraits/women/62.jpg,"53,182,211,164,63,137,316"
220,Vickie Richardson,female,Brazil,53,Activist,Gas truth draw,Act including sell space movie animal soon their. Spend baby camera Congress analysis.,https://randomuser.me/api/portraits/women/49.jpg,"206,214"
221,Amy Mccullough,female,Brazil,30,Psychologist,Main bad treatment success minute,Decision head staff center within recognize practice. Well again student establish open feel whole.,https://randomuser.me/api/portraits/women/31.jpg,"268,103,174,146,121,176,339"
222,Hannah Johnson,female,France,44,Professor,Senior from stock energy send,"Game stop its. Site up sell southern network weight.
Less occur nothing million class high second. Car address son week beat.",https://randomuser.me/api/portraits/women/41.jpg,"52,190,270,244,224,234,314"
223,Heather Little,female,South Africa,42,Writer,Design around voice everybody particular,Key election skill employee. Camera piece chair peace anyone boy although. Team oil among response article research else.,https://randomuser.me/api/portraits/women/85.jpg,"230,294,219,276"
224,Jorge Young,male,Argentina,20,Student,Now stop race author,Central force small friend impact. Likely wind perform civil and us. Agent participant space member sit meet ok general.,https://randomuser.me/api/portraits/men/65.jpg,"49,240,323,35,198,137"
225,Morgan Ryan,female,USA,46,Engineer,Summer month anything,Minute first crime offer treat forget sometimes. Discuss fire win realize knowledge whatever. Gun goal measure trip president painting.,https://randomuser.me/api/portraits/women/68.jpg,"221,19,257,71"
226,Tara Newton,female,Spain,64,Student,Thank street agency,Car term truth toward. Camera recent drop fall front station.,https://randomuser.me/api/portraits/women/53.jpg,"175,97,216,202,184,264"
227,Kevin Duffy,male,USA,48,Scientist,Discussion manage,"Military modern meet up expect himself serious.
Sport same writer. Issue everything they fire girl.",https://randomuser.me/api/portraits/men/44.jpg,"237,25,275,220,150,205,68,103"
228,Sara Fischer,female,Italy,23,Entrepreneur,Out always,Sometimes according strategy ago data walk number. Minute store far body relationship suddenly. Threat manage beautiful carry everything protect.,https://randomuser.me/api/portraits/women/87.jpg,"281,168,179,245,194,167,18"
229,Sarah Guerrero,female,Brazil,58,Psychologist,Along play account carry heavy,Enter charge sport safe executive. Play become might rich degree.,https://randomuser.me/api/portraits/women/98.jpg,"124,287,172,33,56,182"
230,Lorraine Harper,female,Canada,20,Designer,Loss benefit both thing sense,Wide foot production break let five. Girl huge campaign think.,https://randomuser.me/api/portraits/women/9.jpg,"89,6,18,252,21,240"
231,Eric Ortiz,male,Italy,61,Scientist,Then movie single book why,Can music wear again here sister. Treatment short need pressure million gun. World study how responsibility face. Treat former democratic safe.,https://randomuser.me/api/portraits/men/30.jpg,"102,326,262,39,192,320,15"
232,Rick Williams,male,India,24,Chef,Feeling discover significant,Evening buy six. Capital scientist establish be available reveal.,https://randomuser.me/api/portraits/men/91.jpg,"122,291,146,285,184,264,121,6"
233,Wayne Johnston,male,Argentina,28,Psychologist,Fact behavior whom night,Traditional mouth each admit market. Week several research laugh official agent. Language live board financial century.,https://randomuser.me/api/portraits/men/39.jpg,159
234,Michael Fischer,male,Spain,38,Professor,Nation fine present focus,Never science run TV international back camera. Class security coach. Thank box those manager phone modern.,https://randomuser.me/api/portraits/men/38.jpg,"196,70,17"
235,Michelle Stone,female,Brazil,45,Student,Line decision form,"Modern stop act indicate. Like year accept reduce.
Mrs former article light. At player third general.
Ever star test once figure.",https://randomuser.me/api/portraits/women/32.jpg,"310,138,250,75,68,291"
236,April Miller,female,Japan,61,Student,Case southern,Force matter bring nice help history listen. Stuff first back painting degree. Watch street represent style.,https://randomuser.me/api/portraits/women/22.jpg,"63,196,267,8,103,149,69"
237,Paul Smith,male,USA,57,Writer,Guess crime only foreign,Me actually event positive politics. Analysis receive education personal wife statement. Young place make list themselves seek space.,https://randomuser.me/api/portraits/men/80.jpg,"58,269,126,220,178,338"
238,Ryan Brown,male,Argentina,55,Student,Fire teach,"Pretty scene four public tonight. Town only want might.
Study prove assume stay may rock. Common and part read. Common section study about event go.",https://randomuser.me/api/portraits/men/30.jpg,"210,68,176"
239,Danielle Hood,female,Italy,34,Doctor,Section scene financial,Concern cell firm difficult could. Computer far recently enough majority. Hair sign mission stop reach color wear one.,https://randomuser.me/api/portraits/women/33.jpg,"320,324,263,30,92,75"
240,Jose Welch,male,Argentina,36,Chef,Cause only head help,Follow bit grow. City little from. Cost group clear national. Keep pattern order.,https://randomuser.me/api/portraits/men/70.jpg,"89,166,204,99,114,137,238,76"
241,Kyle Wolfe,male,USA,46,Entrepreneur,Cup win sell candidate four,"Finally she soon learn.
A challenge third feeling ball door data. Right child new simply.
City beyond near hour defense line heavy.",https://randomuser.me/api/portraits/men/76.jpg,"273,95,147,171,116"
242,April Greene,female,Italy,45,Psychologist,Trip population catch could,Itself fund pressure international expect. Push lose end western conference huge.,https://randomuser.me/api/portraits/women/33.jpg,"39,330"
243,Susan Shaw,female,Germany,30,Writer,Republican such will born,Mother himself push character front various. Election method pass the itself let always test.,https://randomuser.me/api/portraits/women/62.jpg,"168,253"
244,Nicholas Schmidt,male,France,42,Designer,Eat base behind risk,Throughout generation leader pay try tough. Notice American force although participant rich speech. High woman bad until.,https://randomuser.me/api/portraits/men/46.jpg,"10,175,210"
245,Melissa Williams,female,South Africa,36,Professor,List set join section sing,Provide painting travel question evening imagine affect. Price ever leg so play best.,https://randomuser.me/api/portraits/women/85.jpg,"204,18,162,256,214,244,160"
246,Jill Murray,female,Germany,18,Designer,Decision recently pull eight,"Whose place no generation debate world hard.
Later level choose once person north. Yet age wind news make doctor.",https://randomuser.me/api/portraits/women/88.jpg,"275,294,170"
247,Matthew Mcdaniel,male,Japan,65,Doctor,Maybe mouth different identify,Step last under concern eye. Stop several prevent raise better oil individual. Improve player peace catch people your.,https://randomuser.me/api/portraits/men/37.jpg,"188,296"
248,Larry Fritz,male,Japan,40,Artist,Win matter book,Power investment buy certainly energy stay send born. Hand prevent center during. Decide best politics available tonight man each.,https://randomuser.me/api/portraits/men/82.jpg,"79,296"
249,Eddie Duffy,male,Japan,34,Chef,Nothing fight require,Season reason chair factor. Either direction surface on chance activity.,https://randomuser.me/api/portraits/men/97.jpg,"304,115,105"
250,Richard Santos,male,Italy,24,Chef,Material notice police activity,Scientist hair allow phone weight. Attack network movement scientist their wife argue. Mission each something consumer view tax direction.,https://randomuser.me/api/portraits/men/83.jpg,"21,110,318,236,0,58"
251,Fernando Walters,male,Germany,46,Professor,Long kind live,Operation our feel act involve toward result. Since crime south pass lead a.,https://randomuser.me/api/portraits/men/75.jpg,"173,90,212,309"
252,Shannon Peterson,female,South Africa,26,Engineer,State cover board discussion film,Short line range until decision public. Choose short skill system particular church.,https://randomuser.me/api/portraits/women/38.jpg,128
253,Mrs. Renee Proctor,female,South Africa,44,Student,Affect region decade,"Strategy age into him newspaper. Something pay key ever avoid.
Reveal walk or weight water sit. Reach training main exactly parent heart.",https://randomuser.me/api/portraits/women/26.jpg,"80,321,267,182,150"
254,Roger Sawyer,male,Canada,41,Activist,Federal customer because early of,Most fact against sign attention skill represent. Whatever guess significant section Democrat fly.,https://randomuser.me/api/portraits/men/65.jpg,"317,303,118,326,108"
255,Krystal Forbes,female,Mexico,34,Doctor,Their force much executive,Same north wind sister. Citizen message surface off life practice course. Short issue everybody later.,https://randomuser.me/api/portraits/women/38.jpg,"104,132,74,326,268,301"
256,Brittany Foley,female,USA,47,Engineer,Purpose force leader program show,Throw resource officer country challenge final. Ago own suddenly single. Give attorney that up probably cut clear.,https://randomuser.me/api/portraits/women/19.jpg,"44,161,338,285,84,219,246,111"
257,Jeffrey Gonzalez,male,Italy,64,Chef,Opportunity by wide medical,"Then administration who role today animal. Concern act million cell like.
Other decide science fall.",https://randomuser.me/api/portraits/men/51.jpg,"285,275,189,253,3,71,100"
258,Susan Williams,female,USA,43,Professor,Several reveal college beyond,Begin write both little work. Key tax speak a live tonight either. Prevent half party respond local see.,https://randomuser.me/api/portraits/women/34.jpg,"283,291,282,190"
259,Kenneth Stephenson,male,Argentina,41,Chef,Foreign hear certainly,"Place some woman add play structure.
However activity lose tax. Pick stage officer later Democrat.",https://randomuser.me/api/portraits/men/96.jpg,"15,0,176,110,22,100"
260,Michelle Martinez,female,Japan,42,Chef,Film job worker bar,Huge wait your crime. Simply cup seat moment sister. Teacher modern song guy discover water most.,https://randomuser.me/api/portraits/women/48.jpg,"175,213,81,220"
261,William English,male,Italy,32,Doctor,Focus return feel avoid,Decade safe order at sense. Century state share southern. Hospital city industry option eat.,https://randomuser.me/api/portraits/men/4.jpg,"304,204,13,226,218,241,185,150"
262,Kimberly Bishop,female,Japan,32,Chef,Audience without treat,We American study eight phone. One then reality some serve different. Become rule where ten.,https://randomuser.me/api/portraits/women/9.jpg,"102,278,21,299,34"
263,Alexandria Marquez,female,South Africa,37,Chef,Drug manager opportunity program,Night study heart million understand him own. Study poor better believe whom draw oil remember.,https://randomuser.me/api/portraits/women/53.jpg,"338,53,11,295,181,163,50"
264,Gregory Beltran,male,Mexico,20,Professor,Everybody situation foot,Decide side natural focus. Send sit common matter become goal.,https://randomuser.me/api/portraits/men/39.jpg,"113,158,255,306"
265,Melody Castro,female,USA,24,Artist,Mrs huge receive cup bed,Tax low keep. Necessary nothing include summer ok physical thousand.,https://randomuser.me/api/portraits/women/69.jpg,"170,19,186,184,0,138"
266,Joseph Garcia,male,India,47,Entrepreneur,Direction give reduce with start,Especially student least just opportunity ask yet. Nice next arm.,https://randomuser.me/api/portraits/men/86.jpg,"120,147,172,26,263,192,56"
267,Erin Hudson,female,Japan,65,Psychologist,Watch certain much race fire,"Apply senior onto simple audience as including claim.
Woman similar writer structure ahead. Rock forward behind idea red rate source.",https://randomuser.me/api/portraits/women/20.jpg,"160,335,125,136,166,149,155"
268,Vicki Brown,female,Italy,24,Doctor,Believe ability world actually,Fill son nothing hear attorney common. Marriage movement wish best raise choice hear computer. Relationship they concern chance standard air.,https://randomuser.me/api/portraits/women/79.jpg,"4,250,105,186,184"
269,Carol Garcia,female,Germany,20,Psychologist,Page young turn,Story six want protect assume east center. Could identify group true TV specific travel. Better mind professional fly month offer mother hour.,https://randomuser.me/api/portraits/women/48.jpg,"321,288,60,286,208,27,70"
270,Cole Davis,male,Argentina,46,Artist,Security number community finish answer,"Whom his goal.
Statement range its. Model condition he recognize treat better wear. Republican authority data deal policy.
Two deal ready.",https://randomuser.me/api/portraits/men/47.jpg,"123,39,99,172,115"
271,David Barnett,male,Italy,41,Activist,Quite report top finally,Real indeed including everything too stage. Effect action realize among short can ready.,https://randomuser.me/api/portraits/men/83.jpg,"33,139,296"
272,Savannah Green,female,Spain,43,Scientist,House those dark,Suffer customer million along long born also. Continue several southern drop past just.,https://randomuser.me/api/portraits/women/25.jpg,"246,229,5,284,120,265,138,260"
273,Steven Brown,male,Argentina,23,Chef,Check factor as contain,Price keep the attorney early more. Claim natural fish born assume million admit.,https://randomuser.me/api/portraits/men/28.jpg,"162,329,327,132,282,289"
274,Thomas Pineda,male,Spain,39,Artist,Executive pattern last security,Economic woman PM look together lawyer these difference. Pm company whose yourself think. Science it feel amount improve they.,https://randomuser.me/api/portraits/men/17.jpg,"102,165,194,171,5,7,39"
275,Connor Lee,male,USA,53,Artist,Guy leg television society hear,"Hotel like myself laugh toward. Include current front three process view it wall.
History project event second nor.",https://randomuser.me/api/portraits/men/76.jpg,"88,154"
276,Adam Atkins,male,France,39,Student,Former bed,Season when film at perhaps. On stock little region face big. Civil thing clear budget travel important no.,https://randomuser.me/api/portraits/men/77.jpg,"159,66,251,158,291"
277,William Tanner,male,Germany,27,Student,Concern perhaps,Book various whether culture. Factor society skill great worker manager. Through individual college surface court exactly minute trouble.,https://randomuser.me/api/portraits/men/70.jpg,"223,42,280,331,46,234,173,32"
278,Laura Turner,female,Mexico,25,Chef,Toward here along,"Friend sort table six imagine garden. Rest need major entire tree try.
Technology time age campaign seven drug. Health child soon single.",https://randomuser.me/api/portraits/women/4.jpg,"27,123,241,177,280"
279,Charles Hardin,male,Spain,40,Artist,Control responsibility,Item rate decision. Hit personal cover stage.,https://randomuser.me/api/portraits/men/76.jpg,153
280,Sara Phillips,female,Spain,29,Scientist,Media experience interview station,According three raise example claim article management. People stage bag share.,https://randomuser.me/api/portraits/women/7.jpg,"301,68,20,236,278,164,126,102"
281,Kevin Williams,male,South Africa,44,Activist,Important they food someone,Than less check scene history wear them. High that change hand its stage. Character watch describe administration.,https://randomuser.me/api/portraits/men/15.jpg,"327,270,168,105"
282,Charles Stone,male,Argentina,46,Entrepreneur,Sound indicate actually final,Piece range investment business can example. Southern ten hard wife as language.,https://randomuser.me/api/portraits/men/66.jpg,"27,317,304,56"
283,Spencer Cruz,male,Argentina,50,Artist,Perhaps ball make,At hope cover show Republican. Summer arrive east plan force station. No situation what machine fire third customer. Whatever our build safe save.,https://randomuser.me/api/portraits/men/79.jpg,"305,138,230,226,199"
284,Ricardo Kaiser,male,South Africa,60,Activist,Personal new order serve,Lay cup paper expect only. What buy test need hard firm.,https://randomuser.me/api/portraits/men/39.jpg,202
285,Anna Ward,female,Italy,19,Professor,Full include seem manage,Modern politics how choice. Sport large boy treat. Dinner argue raise agency poor.,https://randomuser.me/api/portraits/women/62.jpg,"8,41,161,257"
286,Leah Clark,female,India,61,Engineer,Man glass ball think meeting,Defense movie trip season example news. Home strong senior eight cultural today hotel.,https://randomuser.me/api/portraits/women/63.jpg,"228,19,124,249"
287,Sandra Craig,female,USA,23,Entrepreneur,Stand guess approach personal note,Memory finally describe Congress free. Water home force worker own close man.,https://randomuser.me/api/portraits/women/78.jpg,"250,75"
288,Jake Ramirez,male,USA,26,Scientist,Father alone,Center lead usually work trip. Try season radio air.,https://randomuser.me/api/portraits/men/80.jpg,"193,155,102,225,245,111,337"
289,Amy Hammond,female,India,56,Activist,Report rest dark,"Provide white could. Special yet analysis none tax next reflect.
Expert because happen. Name health top risk must fly police.",https://randomuser.me/api/portraits/women/38.jpg,"60,30,26,153,106,133,218"
290,Kimberly Becker,female,Canada,56,Writer,Gas truth,Out music story city. Cause staff day really bank industry born. Name mind offer effort nearly walk science. Major for student health view mission.,https://randomuser.me/api/portraits/women/13.jpg,"23,144"
291,Robert Johnson,male,Italy,59,Activist,Fast debate,Effect week instead group. Action our gas heart field people.,https://randomuser.me/api/portraits/men/93.jpg,"214,107,223"
292,Mike Nielsen,male,India,46,Artist,Here front page light,Need region later party believe. Order push agreement media. Maybe leg recent hold.,https://randomuser.me/api/portraits/men/53.jpg,315
293,Natasha Valdez,female,Argentina,43,Writer,Significant analysis consumer,Suffer director know red treatment big cause science. None just happen recognize after modern really play. Industry almost job reduce.,https://randomuser.me/api/portraits/women/94.jpg,"110,256,39,178,285,204"
294,Zachary Brooks,male,Brazil,45,Entrepreneur,Long wife prevent,Break always dark feel second hospital. Art small both program one across. Floor during lose degree. Long degree common need phone teach audience.,https://randomuser.me/api/portraits/men/86.jpg,"227,293,208"
295,Phyllis Johnson,female,Brazil,27,Chef,Hospital paper term security,"Past so thousand position sense church out. Market avoid outside individual no.
Hard hotel let. Field movement force final way memory.",https://randomuser.me/api/portraits/women/61.jpg,"40,267,185,163,328,174,59"
296,Jason Baker,male,USA,23,Engineer,Prove could party skin,Reach gun myself fly something. Minute bring reveal factor east our plant front.,https://randomuser.me/api/portraits/men/56.jpg,"15,220,207,33,183,18"
297,William Larson,male,South Africa,65,Entrepreneur,Join finish cause but,"Suggest everyone nature.
Six understand rather daughter. Art born with rest exist drive determine.",https://randomuser.me/api/portraits/men/17.jpg,"181,11,83,127,195"
298,Aaron Lambert,male,Japan,53,Activist,Often outside hit degree,"Impact know character thousand. Seek age share day pull job themselves garden.
Medical hold kind day certain back student.",https://randomuser.me/api/portraits/men/43.jpg,"123,132,208"
299,Nathaniel Blankenship,male,India,40,Chef,Join give,Treatment employee citizen despite one military. Special suffer without hair set bed trouble.,https://randomuser.me/api/portraits/men/97.jpg,"266,327,250,138"
300,Amy Pena,female,South Africa,21,Scientist,Explain like institution,"Admit which owner baby significant. Stage condition buy leg set.
Move cost skin for. Short message again mean.",https://randomuser.me/api/portraits/women/77.jpg,"40,250"
301,Victoria Taylor,female,Brazil,24,Designer,Leave sometimes quality,Must identify modern while wall government painting. Seem model imagine me matter source. Available yes success break tough.,https://randomuser.me/api/portraits/women/65.jpg,292
302,Micheal Watson,male,Mexico,60,Doctor,Leg indeed anything,Far apply let hit. Back family start necessary American wonder.,https://randomuser.me/api/portraits/men/29.jpg,"288,311"
303,Gabriel Richardson,male,Brazil,53,Entrepreneur,One third serve item method,Media your check station form research rule. Century several cultural pattern every. Among field well create notice.,https://randomuser.me/api/portraits/men/15.jpg,"182,309,18,260"
304,Stephanie Jensen,female,Japan,32,Writer,Sure western election next,Professor money property structure operation radio south sing. Difficult against low foreign meeting. Win yard anything option soon election station.,https://randomuser.me/api/portraits/women/72.jpg,"201,159,15,248,251,179,119"
305,Jeffrey Briggs,male,Japan,60,Psychologist,Increase within free,"Final main young until. Open if support expert particular close. Our order table beyond.
Change investment to. Yeah able concern card.",https://randomuser.me/api/portraits/men/35.jpg,"157,203"
306,Russell Jones,male,Mexico,35,Psychologist,Expect assume paper employee poor,Market difference exist hotel. Professor reason special grow meeting family. Individual us some suggest program decision.,https://randomuser.me/api/portraits/men/98.jpg,251
307,Kristen Matthews,female,Brazil,40,Professor,Time prevent hair,Generation any subject sound hope. Less whom situation television last staff seat. Probably when seem test contain than.,https://randomuser.me/api/portraits/women/24.jpg,"142,206,331,227,296,174,305"
308,Adam Ward,male,Japan,60,Writer,Song health able lot,Decision forward probably say measure. Hospital more opportunity unit cultural show rule. Lawyer rest natural.,https://randomuser.me/api/portraits/men/9.jpg,"328,8,306,138,317,226,165,327"
309,Aaron Perez,male,South Africa,58,Professor,Weight last however,When sort event. Vote administration than run short small shoulder. Market oil move.,https://randomuser.me/api/portraits/men/12.jpg,"65,64,210,135"
310,Michael Perry,male,India,44,Doctor,Daughter clearly best use,"Reality police baby choose building view well. Single some want whole.
Front matter strong movement member loss pass. Green begin computer southern.",https://randomuser.me/api/portraits/men/44.jpg,"108,65,248,176,301,295,177"
311,Jeffrey Aguirre,male,Brazil,37,Psychologist,Defense couple point similar,Strong value sit newspaper leader. Politics current among laugh about green.,https://randomuser.me/api/portraits/men/42.jpg,153
312,Jeffery Williams,male,Spain,27,Student,Area feel,"Staff yourself exactly sure wonder. Hair marriage school imagine ago expect continue.
Use owner surface guy. Window should five buy.",https://randomuser.me/api/portraits/men/97.jpg,"185,47,78,87,215,299"
313,Gary Figueroa,male,Italy,23,Scientist,Attention we open,Amount special image blood city vote time. Bank collection possible notice term.,https://randomuser.me/api/portraits/men/57.jpg,"254,310,174,163,327,141,279"
314,Dawn Jacobs,female,Argentina,56,Doctor,Within if,"Reality office sport oil whose. Car American your seat rule.
Whole everybody both able. Response stop add blood deal. Chair possible but hard.",https://randomuser.me/api/portraits/women/54.jpg,"291,145,141,214,290,43,28,286"
315,Sandra Goodman,female,France,50,Engineer,Eye including thing cell evidence,List several assume. Girl popular last read every local hospital. Lose just card sit.,https://randomuser.me/api/portraits/women/45.jpg,"171,175,252,74,213,228"
316,Kristi Austin,female,USA,36,Chef,Two physical within about when,Information game loss cost run result interesting. Only pick prove whether north. Benefit line cultural each animal from.,https://randomuser.me/api/portraits/women/87.jpg,"67,11,72,86"
317,Colleen Davis,female,Canada,60,Scientist,Activity onto build,Threat throw behavior type partner behavior economy our. Voice drop live everyone cold serious rock unit.,https://randomuser.me/api/portraits/women/6.jpg,"258,308,333,335,309,6,275"
318,David Williams,male,India,56,Professor,Cultural decide car,"Product difficult care brother. Happen series seven strong it. Street city her commercial.
Compare successful inside be church available indeed.",https://randomuser.me/api/portraits/men/1.jpg,19
319,Nicholas Ingram,male,Germany,31,Student,Cultural far,Until themselves break reason too discover record. Nice house power Republican. Apply conference then sometimes.,https://randomuser.me/api/portraits/men/98.jpg,"216,333"
320,Samantha Williams,female,Germany,38,Engineer,Sure day sort determine,"Challenge kind instead plant bag set leave. Yeah front almost activity agree.
Base close score.",https://randomuser.me/api/portraits/women/1.jpg,"104,322,221,71,0"
321,Pamela Mason,female,South Africa,45,Student,Fire light,Level analysis any product though help. Become rich every change help but. Chance especially direction focus product hand.,https://randomuser.me/api/portraits/women/17.jpg,"58,173"
322,Amy Adams,female,Canada,63,Artist,Up tend,"Buy new more above personal else tax. Natural list they eat.
Responsibility could positive hundred drug pull. Recent people far color.",https://randomuser.me/api/portraits/women/65.jpg,"128,42,269,137,25"
323,Sharon Williams,female,USA,43,Psychologist,Small return hard myself,Court tend role protect like. In evidence fact office spring.,https://randomuser.me/api/portraits/women/6.jpg,57
324,Doris Harris MD,female,Spain,47,Engineer,Create moment onto third,Rock southern south bed represent lawyer. Return skin name paper cup order piece.,https://randomuser.me/api/portraits/women/41.jpg,"130,197,28,227"
325,Jean Murray,female,Japan,43,Psychologist,Teach single result modern,"Treatment decade ago.
Blood single born campaign others under each help.",https://randomuser.me/api/portraits/women/82.jpg,"56,10,220,279,157,273"
326,Brenda Shea,female,Germany,25,Writer,Color reveal walk,"Voice want themselves. Minute data hospital this. Stand several hit rate.
Wait defense well should effect future. Stage meeting contain.",https://randomuser.me/api/portraits/women/3.jpg,"331,134,337,48,223,207"
327,Victoria Deleon,female,Mexico,57,Doctor,Fear local project nearly,Imagine deep population pass. Apply project later really. State medical year oil ask eye off various.,https://randomuser.me/api/portraits/women/89.jpg,"306,259,250,319,293,295,153,140"
328,Krystal Phillips,female,USA,45,Engineer,Thought notice society task,Board stuff southern development sister. Identify nice visit imagine record wrong.,https://randomuser.me/api/portraits/women/32.jpg,"339,265,138"
329,Tiffany Taylor,female,Japan,43,Activist,Serious structure wonder stock today,Word total not its. Near support chair. Several name chair produce behavior nearly of general.,https://randomuser.me/api/portraits/women/11.jpg,"260,315,32,284,97,12,261"
330,Amanda Johnson,female,Germany,65,Entrepreneur,Long difference according,Outside traditional home your bring woman. Mean avoid property sport friend wide. Answer at month.,https://randomuser.me/api/portraits/women/29.jpg,"14,111,219,189,165,160,87"
331,Jennifer Anderson,female,Mexico,22,Activist,General new begin,"Step type type word not usually at sing. However model move. Wife cup law become.
Group us dark trouble husband level. Less daughter you traditional.",https://randomuser.me/api/portraits/women/82.jpg,"109,124,62,192,196,167"
332,James Lee MD,male,Canada,50,Artist,Father enough any which ten,Cell how member. Issue expect apply later. Story huge move until toward.,https://randomuser.me/api/portraits/men/45.jpg,"241,302"
333,Ashley Robertson,female,South Africa,59,Student,Race five ahead director seek,"Size open rest investment race yes law.
Team market too million space team. Half able music.",https://randomuser.me/api/portraits/women/31.jpg,"190,264"
334,Jared Hernandez,male,Mexico,34,Artist,Mission show,"Word catch nothing why. Western newspaper move radio dog perhaps my situation.
Camera truth surface sometimes.",https://randomuser.me/api/portraits/men/23.jpg,"27,78,303,88,318,170"
335,Jermaine Woods,male,Italy,22,Student,Shoulder prevent ago past ever,As physical wind manager mother his change perhaps. Media responsibility child street floor officer.,https://randomuser.me/api/portraits/men/99.jpg,"54,209"
336,Jeanette Luna,female,Argentina,54,Designer,Rate notice air by,Compare second system environmental consumer model leave. Cultural good spring family point plant.,https://randomuser.me/api/portraits/women/58.jpg,"232,171,30,104"
337,Virginia Webb,female,Italy,38,Student,Home why commercial watch,Gas part rather bill team. Blood represent hard agent position million what.,https://randomuser.me/api/portraits/women/57.jpg,244
338,Joseph Bush,male,Argentina,46,Chef,Door soldier beat hair house,"Family blue still dark describe community. Though stage live suffer modern draw international surface.
Where entire suggest.",https://randomuser.me/api/portraits/men/39.jpg,"75,212"
339,Heather Young,female,Japan,21,Entrepreneur,Money task give clear carry,Speak speak into around foot significant media. Much evidence television catch relationship member work. Must fund open who someone.,https://randomuser.me/api/portraits/women/65.jpg,"337,96,318,297,254,205"
